Date	Value
13990418	18160
13990417	18064.7
13990416	17811.9
13990415	17285.7
13990414	16987.6
13990411	17000
13990410	16516.8
13990409	15953.4
13990408	16063.5
13990407	16031.1
13990404	15202.4
13990403	15098.9
13990402	14715.7
13990401	14464.1
13990331	14179.6
13990327	13806.2
13990326	13495.4
13990325	13281.8
13990324	13182.4
13990321	12870.9
13990320	12565.1
13990319	12585
13990318	12493.1
13990317	12086.1
13990313	11696.8
13990312	11344.9
13990311	11216.9
13990310	11248.6
13990307	10864.4
13990306	10827
13990303	11022.6
13990231	11112.9
13990230	11291.8
13990229	11235.2
13990228	10955.7
13990227	11062.3
13990224	11299.6
13990223	11332.7
13990222	11606.9
13990221	11683.5
13990220	11513.8
13990217	11149.7
13990216	11165.6
13990215	11226.5
13990214	11084.6
13990213	10702.9
13990210	10286.7
13990209	9941
13990208	9774.5
13990207	9607.5
13990206	9351
13990203	9072.7
13990202	8876.4
13990201	8741.2
13990131	8583.2
13990130	8438.5
13990127	8183.6
13990126	7997.1
13990125	8042.8
13990124	7962
13990123	7771.6
13990120	7727.6
13990119	7552.1
13990118	7382.6
13990117	7342.1
13990116	7225
13990111	7020.3
13990110	7018.9
13990109	6864.2
13990106	6694.9
13990105	6582.9
13981228	6591.3
13981227	6491
13981226	6548.6
13981225	6505.6
13981224	6583.4
13981221	6767.2
13981220	6744.2
13981219	6893.8
13981217	7041.6
13981214	7104.2
13981213	6952.7
13981212	6784.3
13981211	6675
13981210	6535
13981207	6744.4
13981206	6691.7
13981205	6552.4
13981204	6462.5
13981203	6213.3
13981130	6206.7
13981129	6116.3
13981128	6143.3
13981127	6054.8
13981126	5915.2
13981123	5815.4
13981121	5660.7
13981120	5759
13981119	5747.4
13981116	5655
13981115	5545.5
13981114	5537
13981113	5415.8
13981112	5415.2
13981108	5404.5
13981107	5323.1
13981106	5340.5
13981105	5351.1
13981102	5287.8
13981101	5258.4
13981030	5301
13981029	5296.6
13981028	5273.5
13981025	5110.9
13981024	5094.9
13981023	5045.7
13981022	4894.3
13981021	4646
13981018	4559.9
13981017	4630.9
13981015	4742.9
13981014	4797.2
13981011	5020.9
13981010	4947
13981009	4931.4
13981008	4823.2
13981007	4774.2
13981004	4662.6
13981003	4666.5
13981002	4614.2
13981001	4610.8
13980930	4559
13980927	4531.5
13980926	4528.1
13980925	4483.3
13980924	4471.4
13980923	4449.1
13980920	4385.7
13980919	4392
13980918	4351.1
13980917	4282.3
13980916	4228.8
13980913	4159.7
13980912	4116.3
13980911	4109.8
13980910	4131.4
13980909	4092.8
13980906	4061.2
13980905	4045
13980904	3999.1
13980903	3946.5
13980902	3954.8
13980829	3950.1
13980828	3921.3
13980827	3866.2
13980826	3851.9
13980825	3935.4
13980822	3932.4
13980821	3922.2
13980820	3891.5
13980819	3869.5
13980818	3894.1
13980814	3884.5
13980813	3883.8
13980812	3914.6
13980811	3916.7
13980808	3927.6
13980806	3852.6
13980804	3783.3
13980801	3783.4
13980730	3804.9
13980729	3705.9
13980728	3732.7
13980724	3868.5
13980723	3917.4
13980722	4058
13980721	4161.8
13980720	4155
13980717	4069.6
13980716	4118.6
13980715	4211.6
13980714	4187.9
13980713	4255.1
13980710	4272.2
13980709	4293.9
13980708	4299.9
13980707	4236.5
13980706	4248
13980703	4168
13980702	4138.1
13980701	4121.1
13980631	4017
13980630	3952.9
13980627	3886.5
13980626	3990.1
13980625	4011.4
13980624	3930.1
13980623	3918.7
13980620	3884.9
13980617	3840.9
13980616	3833
13980613	3770.7
13980612	3715.5
13980611	3714.8
13980610	3776.9
13980609	3767
13980606	3710.2
13980605	3704.2
13980604	3653.3
13980603	3561.6
13980602	3589.4
13980530	3579.3
13980528	3534.5
13980527	3510
13980526	3526
13980523	3517.3
13980522	3467.3
13980520	3438.5
13980519	3433.3
13980516	3418.9
13980515	3421.8
13980514	3410
13980513	3406.8
13980512	3393.7
13980509	3374.4
13980508	3325.8
13980507	3285.7
13980506	3290.8
13980505	3306.1
13980502	3292
13980501	3270.1
13980431	3274.8
13980430	3232.6
13980429	3213.1
13980426	3206.9
13980425	3187.2
13980424	3311.3
13980423	3316.3
13980422	3256.3
13980419	3254.6
13980418	3222.4
13980417	3218.9
13980416	3201.3
13980415	3192.8
13980412	3213.5
13980411	3197.9
13980410	3185.3
13980409	3194.1
13980405	3178.4
13980404	3133.7
13980403	3103.2
13980402	3046
13980401	2966.2
13980329	2978.1
13980328	3034.1
13980327	3018.2
13980326	2985.3
13980325	2951.5
13980322	2957
13980321	2937.5
13980320	2922.8
13980319	2924.9
13980318	2896
13980313	2910
13980312	2851.1
13980311	2785.4
13980308	2800.2
13980307	2787.7
13980305	2715.8
13980304	2671.3
13980301	2671.5
13980231	2644.4
13980230	2623
13980229	2633.5
13980228	2612.6
13980225	2583.5
13980224	2588.1
13980223	2539.7
13980222	2494.2
13980221	2589.5
13980218	2605.7
13980217	2570.5
13980216	2623.3
13980215	2663.2
13980214	2665.1
13980211	2643.2
13980210	2632.3
13980209	2613.6
13980208	2568.4
13980207	2519.6
13980204	2493.4
13980203	2480
13980202	2494.6
13980131	2477.8
13980128	2420.5
13980127	2458
13980126	2496.7
13980125	2451.9
13980124	2473.1
13980121	2470.3
13980120	2430
13980119	2412.4
13980118	2410.5
13980117	2390.6
13980111	2405.3
13980110	2413.7
13980107	2358.1
13980106	2311.1
13980105	2288.2
13971228	2257.9
13971227	2206.5
13971226	2156.8
13971225	2114.8
13971222	2095.6
13971221	2090.6
13971220	2096.7
13971219	2070.1
13971218	2050.5
13971215	2064
13971214	2064.1
13971213	2090.1
13971212	2082
13971211	2099.4
13971208	2100.3
13971207	2068.3
13971206	2071.5
13971205	2052
13971204	2028.2
13971201	1990
13971201	1990
13971130	1965.2
13971130	1965.2
13971129	1947.2
13971129	1947.2
13971128	1937.6
13971128	1937.6
13971127	1948.7
13971127	1948.7
13971124	1936
13971124	1936
13971123	1934.7
13971123	1934.7
13971121	1933.6
13971121	1933.6
13971117	1934.8
13971117	1934.8
13971116	1922.8
13971116	1922.8
13971115	1923.6
13971115	1923.6
13971114	1909.5
13971114	1909.5
13971113	1940.5
13971113	1940.5
13971110	1932
13971110	1932
13971109	1914.9
13971109	1914.9
13971108	1909.1
13971108	1909.1
13971107	1942.2
13971107	1942.2
13971106	1962.4
13971106	1962.4
13971103	1980.1
13971103	1980.1
13971102	1980.6
13971102	1980.6
13971101	1970.9
13971101	1970.9
13971030	1992.1
13971030	1992.1
13971029	2003.5
13971029	2003.5
13971026	1983.5
13971026	1983.5
13971025	1977.8
13971025	1977.8
13971024	1949.5
13971024	1949.5
13971023	1933.7
13971023	1933.7
13971022	1941.7
13971022	1941.7
13971019	1944.6
13971019	1944.6
13971018	1922.9
13971018	1922.9
13971017	1909.4
13971017	1909.4
13971016	1883.1
13971016	1883.1
13971015	1871.6
13971015	1871.6
13971012	1875.5
13971012	1875.5
13971011	1882.5
13971011	1882.5
13971010	1873.4
13971009	1869.2
13971008	1865.9
13971005	1836.8
13971004	1820.5
13971003	1826.7
13971002	1816.9
13971001	1780
13970928	1791
13970927	1808.6
13970926	1809.7
13970925	1826.6
13970924	1842.5
13970921	1851.2
13970920	1857.8
13970919	1857.7
13970918	1838.6
13970917	1858.3
13970914	1844.6
13970913	1829.5
13970912	1824.2
13970911	1774.3
13970910	1717.9
13970907	1777.5
13970906	1816.3
13970905	1800.7
13970903	1864.6
13970830	1907.9
13970829	1915
13970828	1910.9
13970827	1880.1
13970826	1911.6
13970823	1957.2
13970822	1993.7
13970821	1986.2
13970820	1960.8
13970819	1994.4
13970814	2011.1
13970813	1984.6
13970812	2008.2
13970809	2018.2
13970807	2040.3
13970806	2013.4
13970805	2018
13970802	2065.1
13970801	2105.2
13970730	2102.4
13970729	2111.1
13970728	2089
13970725	2020.4
13970724	2027.6
13970723	1995.5
13970722	1927.8
13970721	1940.5
13970718	2012.7
13970717	2031.1
13970716	1981.5
13970715	2020.7
13970714	2109.4
13970711	2114.8
13970710	2166.2
13970709	2241
13970708	2228.6
13970707	2150.9
13970704	2071
13970703	2012.8
13970702	1949.7
13970701	1902
13970631	1878.7
13970627	1858.6
13970626	1837.2
13970625	1794.8
13970624	1805.6
13970621	1771.3
13970620	1696
13970619	1686.3
13970618	1642.8
13970617	1615.1
13970614	1579.9
13970613	1568.7
13970612	1527.2
13970611	1506.9
13970610	1545.2
13970607	1556.4
13970606	1550.2
13970605	1578.2
13970604	1561.8
13970603	1545.1
13970530	1553.3
13970529	1555.7
13970528	1537.5
13970527	1505.9
13970524	1500.8
13970523	1501.4
13970522	1483.3
13970521	1491.5
13970520	1479.2
13970517	1499.6
13970516	1532.1
13970515	1527.3
13970513	1419.1
13970510	1428.5
13970509	1394.7
13970508	1337.2
13970507	1294.2
13970506	1275.1
13970503	1232.5
13970502	1218.7
13970501	1219.1
13970431	1222.3
13970430	1213.8
13970427	1210.8
13970426	1209.7
13970425	1215.4
13970424	1218.7
13970423	1225.1
13970420	1225.8
13970419	1237.6
13970417	1240
13970416	1244.4
13970413	1252.8
13970412	1250.3
13970411	1230.7
13970410	1230.5
13970409	1266.9
13970406	1269.5
13970405	1296.5
13970404	1317.3
13970403	1287.8
13970402	1258.3
13970330	1241.6
13970329	1213.5
13970328	1201.7
13970327	1191.4
13970323	1153.7
13970322	1116.6
13970321	1108.3
13970320	1104.6
13970319	1107.4
13970313	1111.6
13970312	1112.1
13970309	1110.3
13970308	1100.1
13970307	1102.9
13970306	1107.3
13970305	1110.9
13970302	1107
13970301	1102.8
13970231	1106.7
13970230	1109.7
13970229	1107.1
13970226	1097.8
13970225	1093.3
13970224	1090.4
13970223	1081.8
13970222	1074
13970219	1069.9
13970218	1078.5
13970217	1070.7
13970216	1047.6
13970215	1041.8
13970211	1057
13970210	1052.7
13970209	1051.6
13970208	1055.2
13970205	1060.7
13970204	1060.8
13970203	1055.8
13970202	1059.9
13970201	1066.6
13970129	1063.8
13970128	1056.4
13970127	1053.5
13970126	1065.6
13970122	1064.1
13970121	1074.5
13970120	1096.9
13970119	1085.8
13970118	1096.8
13970115	1106.7
13970114	1113.4
13970108	1106.9
13970107	1107.6
13970106	1103.8
13970105	1101.5
13961228	1096.6
13961227	1090.7
13961226	1079.6
13961223	1080.6
13961222	1078.1
13961221	1082.2
13961220	1080.7
13961219	1084.4
13961216	1080.2
13961215	1081.2
13961214	1082
13961213	1078.6
13961212	1080.1
13961209	1092.2
13961208	1091.8
13961207	1094.2
13961206	1094.4
13961205	1093.3
13961202	1097
13961130	1098.2
13961129	1099
13961128	1101.6
13961125	1107.8
13961124	1107.2
13961123	1092.3
13961121	1097.6
13961118	1103.8
13961117	1086.6
13961116	1092.2
13961114	1082.8
13961111	1089.4
13961110	1084.1
13961109	1086
13961108	1085.6
13961107	1085.8
13961104	1090.3
13961103	1087.5
13961102	1084.9
13961101	1084.2
13961030	1083.5
13961027	1093
13961026	1092.7
13961025	1087.8
13961024	1086.3
13961023	1087.2
13961020	1076.6
13961019	1077.3
13961018	1074.9
13961017	1067.9
13961016	1063.5
13961013	1055.3
13961012	1055.7
13961011	1058.3
13961010	1033.3
13961009	1068.9
13961006	1082.6
13961005	1096.8
13961004	1105.4
13961003	1095.6
13961002	1092.5
13960929	1081.8
13960928	1077.6
13960927	1069.2
13960926	1064.2
13960925	1056
13960922	1042.3
13960921	1030.8
13960920	1022.9
13960919	1018.6
13960918	1016
13960914	1013.3
13960913	1020.7
13960912	1019.9
13960911	1022.9
13960908	1030.5
13960907	1026.7
13960905	1018.9
13960904	1031.1
13960901	1017.1
13960830	1012.4
13960829	1009.9
13960827	1008.6
13960824	997
13960823	989.2
13960822	987.8
13960821	989.6
13960820	982.8
13960817	976.8
13960816	967.6
13960814	972
13960813	974.5
13960810	975
13960809	972.6
13960808	969.6
13960807	960.7
13960806	952.2
13960803	946.8
13960802	945.2
13960801	945.4
13960730	943.3
13960729	940.7
13960726	928.8
13960725	929.4
13960724	930.5
13960723	930.5
13960722	934.3
13960719	929.7
13960718	925.6
13960717	920.8
13960716	914.8
13960715	937.6
13960712	951.1
13960711	942.4
13960710	948.3
13960705	961
13960704	960.3
13960703	958.8
13960702	957.5
13960701	961.9
13960629	957.3
13960628	957.6
13960627	952
13960626	948.9
13960625	951.3
13960622	944.2
13960621	943.7
13960620	943.4
13960619	943.5
13960615	948.4
13960614	951.3
13960613	953
13960612	952.8
13960611	953.3
13960608	953.5
13960607	951.5
13960606	947.9
13960605	947
13960604	947.9
13960601	940.1
13960531	936.6
13960530	929.1
13960529	922.9
13960528	920
13960525	918.7
13960524	918.7
13960523	918.7
13960522	920.8
13960521	919.6
13960518	924
13960517	922.7
13960516	925.6
13960515	930.6
13960511	931.2
13960510	933.8
13960509	929.1
13960508	920.3
13960507	920.8
13960504	920.1
13960503	921
13960502	923.6
13960501	924.2
13960431	923.8
13960428	920.4
13960427	912
13960426	910.6
13960425	910.3
13960424	911.4
13960421	909.2
13960420	905.4
13960419	901.5
13960418	900.5
13960417	896.8
13960414	899.6
13960413	897
13960412	897.1
13960411	900
13960410	903.9
13960407	910.3
13960404	900
13960403	898.4
13960331	903.5
13960330	900
13960329	895.9
13960328	891.5
13960327	900.6
13960324	902.4
13960322	896.9
13960321	904.3
13960320	903
13960317	901
13960316	912.1
13960313	909.4
13960310	916
13960309	914.7
13960308	916.6
13960307	918.2
13960306	923.2
13960303	926.6
13960302	925.6
13960301	928.3
13960231	926.9
13960230	927.2
13960227	915.6
13960226	916.1
13960225	915
13960224	916.9
13960223	922.5
13960220	924.2
13960219	924.6
13960218	923.7
13960217	932.9
13960216	929
13960213	936.9
13960212	933.6
13960211	932.8
13960210	925
13960209	921.3
13960206	922.3
13960204	913.5
13960203	912.1
13960202	916.9
13960130	907.8
13960129	905.1
13960128	902
13960127	906
13960126	909.1
13960123	896.4
13960121	899.4
13960120	890.3
13960119	890.1
13960116	889
13960115	885.8
13960114	886.9
13960109	887.5
13960108	883.6
13960107	885.9
13960106	882.9
13960105	880.4
13951228	875.4
13951225	871.4
13951224	866.5
13951223	853.6
13951222	846.9
13951221	851
13951218	865
13951217	863.9
13951216	865.9
13951215	870.3
13951214	871.3
13951211	870.2
13951210	869.3
13951209	869.4
13951208	866.3
13951207	865.2
13951204	867
13951203	866.1
13951201	850.1
13951130	852.8
13951127	849.2
13951126	840.5
13951125	839.5
13951124	835
13951123	835.1
13951120	834.9
13951119	835.7
13951118	835.3
13951117	836.9
13951116	839.4
13951113	849.6
13951112	850.2
13951111	850
13951110	844.7
13951109	837.2
13951106	837.3
13951105	837.5
13951104	840.4
13951103	838.8
13951102	842.8
13951029	845.4
13951028	835
13951027	831.5
13951026	826.5
13951025	829
13951022	830.5
13951020	826.9
13951019	835.3
13951018	837
13951015	845.2
13951014	851.4
13951013	852.5
13951012	852.9
13951011	868.6
13951008	865.1
13951007	857
13951006	862
13951005	860.7
13951004	867.8
13951001	871.8
13950930	868.3
13950929	867.1
13950928	866.9
13950924	865.9
13950923	868
13950922	869.7
13950921	868.7
13950920	870.2
13950917	862.7
13950916	852.2
13950915	841.9
13950914	838.5
13950913	830.5
13950909	830.9
13950907	830.5
13950906	831.5
13950903	833.7
13950902	833
13950901	833
13950829	833
13950826	831.8
13950825	841.1
13950824	842.7
13950823	837.4
13950822	835.3
13950819	819.2
13950818	839.3
13950817	835.1
13950816	836.9
13950815	838.5
13950812	842.8
13950811	841.4
13950810	838.2
13950809	837.3
13950808	839.2
13950805	828.6
13950804	827.7
13950803	826.7
13950802	829.4
13950801	831.4
13950728	824.5
13950727	827.4
13950726	823.2
13950725	822.3
13950724	825.7
13950719	823.4
13950718	818.2
13950717	815.5
13950714	811.8
13950713	818.3
13950712	818.6
13950711	819.8
13950710	823.3
13950707	817.1
13950706	816.2
13950705	820.7
13950704	822.5
13950703	823.1
13950631	816
13950629	810.9
13950628	809.4
13950627	801
13950624	800
13950623	796.9
13950620	804.3
13950617	802.6
13950616	802.5
13950615	797.4
13950614	793
13950613	796.6
13950610	809.3
13950609	816.9
13950608	820.5
13950607	815.8
13950606	808.3
13950603	798.6
13950602	800.7
13950601	802.6
13950531	805.3
13950530	800.3
13950527	803.7
13950526	809
13950525	813.5
13950524	816.3
13950523	816
13950520	817.1
13950519	818.1
13950518	815.2
13950517	817
13950516	815.1
13950513	813.9
13950512	808.1
13950511	799.7
13950510	801.5
13950506	799.7
13950505	796.5
13950504	796.6
13950503	792.9
13950502	793.6
13950430	787.6
13950429	780.1
13950428	771.8
13950427	772
13950426	770.4
13950423	766.9
13950422	770.4
13950421	776
13950420	778.5
13950419	780.6
13950415	783.7
13950414	781.3
13950413	779.8
13950412	777.7
13950409	775.9
13950408	779.5
13950406	773.8
13950405	770.6
13950402	777.4
13950401	764
13950331	757.7
13950330	765.4
13950329	773.9
13950326	777.1
13950325	781.2
13950324	789.1
13950323	789.8
13950322	796.8
13950319	808.3
13950318	812.7
13950317	814.8
13950316	820.5
13950312	814.7
13950311	816.5
13950310	819.9
13950309	819.9
13950308	825.3
13950305	817.2
13950304	814.1
13950303	814
13950301	812.4
13950229	818.4
13950228	804.8
13950227	801.1
13950226	799
13950225	797.1
13950222	794.1
13950221	802.9
13950220	801.3
13950219	795.4
13950218	796.4
13950215	798.5
13950214	798.7
13950213	800.2
13950212	802.6
13950211	800.5
13950208	802.2
13950207	800.9
13950206	801.8
13950205	795.4
13950204	794.6
13950201	792.9
13950131	779.6
13950130	774.4
13950129	758.5
13950128	769.1
13950125	791.2
13950124	804.1
13950123	802.9
13950122	805.2
13950121	811.6
13950118	807
13950117	808.6
13950116	800.5
13950115	797.3
13950114	809.5
13950111	814.2
13950110	806.5
13950109	820.5
13950108	823.7
13950107	822.9
13941226	805.6
13941225	804.2
13941224	801.6
13941222	810.3
13941219	811.1
13941218	823.4
13941217	820.9
13941216	827.1
13941215	830.9
13941212	822.1
13941211	828.1
13941210	831.1
13941209	840
13941208	839.9
13941205	830.8
13941204	828.5
13941203	827.2
13941202	818.7
13941201	818.4
13941128	819.4
13941127	810
13941126	810.6
13941125	799.4
13941124	806.7
13941121	816.3
13941120	828.5
13941119	815.3
13941118	805.1
13941117	802
13941114	792.1
13941113	787.1
13941112	778.6
13941111	757.7
13941110	760.5
13941107	756.5
13941106	761.6
13941105	743.2
13941104	733.2
13941103	727.6
13941030	719.1
13941029	722.4
13941028	711.3
13941027	723.1
13941026	731.3
13941023	711.2
13941022	701.8
13941021	704.9
13941020	701
13941019	702
13941016	702
13941015	693.4
13941014	687
13941013	681.5
13941012	683.4
13941009	685.2
13941007	680.5
13941006	679.3
13941005	677
13941002	676.1
13941001	676.3
13940930	674.8
13940929	671
13940928	676.8
13940925	685.4
13940924	689.5
13940923	681.4
13940922	678.9
13940918	682.7
13940917	680.2
13940916	678.7
13940915	687.4
13940914	691.8
13940910	689.7
13940909	690.3
13940908	685.5
13940907	687.9
13940904	692.5
13940903	690.3
13940902	695.5
13940901	700.8
13940830	701.5
13940827	702.2
13940826	701.6
13940825	705.3
13940824	707.2
13940823	703.6
13940820	706.5
13940819	710.6
13940818	702.9
13940817	700.1
13940816	701.5
13940813	704.3
13940812	700.8
13940811	697.3
13940810	698.8
13940809	696.9
13940806	697.2
13940805	701.4
13940804	700.3
13940803	700.4
13940729	701.6
13940728	706.7
13940727	713.2
13940726	726.6
13940725	721.3
13940722	701
13940721	686.6
13940720	678
13940719	680.4
13940718	679.8
13940715	673.1
13940714	663.7
13940713	658.8
13940712	659.5
13940711	664.2
13940708	677.9
13940707	682.8
13940706	686.5
13940705	681.1
13940704	678.4
13940701	683.2
13940631	681.4
13940630	672.1
13940629	682.2
13940628	684.3
13940625	680.6
13940624	688.9
13940623	696.2
13940622	706
13940621	718.9
13940618	722.8
13940617	726
13940616	723.6
13940615	731.5
13940614	738.4
13940611	732.7
13940610	730.6
13940609	730.3
13940608	734.6
13940607	738.1
13940604	728.4
13940603	726.8
13940602	735.9
13940601	735.7
13940531	742.1
13940528	749.7
13940527	755.2
13940526	757.8
13940525	773.1
13940524	773.6
13940521	782.1
13940519	774.1
13940518	772.7
13940517	772.3
13940514	777.5
13940513	775.8
13940512	778.5
13940511	778.3
13940510	781.5
13940507	784.4
13940506	778.6
13940505	782.2
13940504	787.4
13940503	791.9
13940431	803.2
13940430	805.5
13940429	800.4
13940424	811.1
13940423	819.3
13940422	822.3
13940421	800.4
13940420	793.6
13940416	788.7
13940415	769.3
13940414	759.1
13940413	756.6
13940410	736.2
13940409	732.6
13940408	721.7
13940407	724.3
13940406	735.1
13940403	734.8
13940402	734.1
13940401	723.6
13940331	703.1
13940330	702.6
13940327	700.1
13940326	691
13940325	687.8
13940324	693
13940323	697.9
13940320	691.5
13940319	691.2
13940318	698
13940317	702.7
13940316	708.8
13940312	710.4
13940311	710.4
13940310	711.2
13940309	714.9
13940306	714.8
13940305	714.4
13940304	717.8
13940303	712.1
13940302	716.8
13940230	727
13940229	727.2
13940228	726.7
13940227	726.6
13940223	738.5
13940222	729.7
13940221	719.4
13940220	710.6
13940219	720
13940216	725.7
13940215	723.3
13940214	727.1
13940213	738.3
13940209	740.8
13940208	737.8
13940207	742
13940206	747.7
13940205	752.5
13940202	749.8
13940201	750.5
13940131	750
13940130	757.2
13940129	752.9
13940126	759.1
13940125	756.7
13940124	747.8
13940123	750.4
13940122	763.9
13940119	773.5
13940119	773.5
13940118	771
13940117	784.4
13940116	797.7
13940115	766
13940111	720.8
13940110	720.1
13940109	726.5
13940108	698.1
13940105	680.4
13931227	668.3
13931226	658.4
13931225	720.5
13931224	720.9
13931223	723.1
13931220	718.5
13931219	714
13931218	717.9
13931217	717.3
13931216	719.5
13931213	721
13931212	719.1
13931211	719.6
13931210	715.5
13931209	715
13931206	716.6
13931205	716.8
13931204	719.2
13931203	726.7
13931202	733
13931129	734.9
13931128	737.3
13931127	742.5
13931126	740
13931125	742
13931121	738.3
13931120	736.3
13931119	746.2
13931118	746.8
13931115	747.5
13931114	737.7
13931113	735.9
13931112	738.4
13931111	737
13931108	722.8
13931107	711.2
13931106	708.8
13931105	712.6
13931104	703
13931101	709.1
13931030	723.6
13931029	729.2
13931028	747.1
13931027	753.9
13931024	738.1
13931023	741.2
13931022	745.8
13931021	729.1
13931020	739.1
13931017	756.2
13931016	760.3
13931015	771.4
13931014	774.5
13931013	774.1
13931010	775.7
13931009	782.8
13931008	794.9
13931007	802.4
13931006	801.9
13931003	808.7
13931001	808.8
13930929	797.7
13930926	792.5
13930925	793.1
13930924	787.2
13930923	797.4
13930919	808.4
13930918	813.8
13930917	813.8
13930916	802.1
13930915	812.6
13930912	815.4
13930911	818.6
13930910	813.3
13930909	812.3
13930908	829.7
13930905	834.8
13930904	836.2
13930903	856.4
13930902	844.8
13930901	840.8
13930828	845.5
13930827	846.8
13930826	850.3
13930825	853.3
13930824	852.5
13930821	866.2
13930820	865.3
13930819	865.1
13930818	864.8
13930817	863.4
13930814	865.5
13930811	860.4
13930810	857.6
13930807	851
13930806	847.9
13930805	847.8
13930804	844.8
13930803	842
13930730	842.6
13930729	846.4
13930728	844.4
13930727	828.7
13930726	826.7
13930723	828.8
13930722	831.5
13930720	832.4
13930719	829.5
13930716	827.7
13930715	827.5
13930714	825.7
13930712	825.8
13930709	826.1
13930708	828.5
13930707	827.4
13930706	827.5
13930705	821.7
13930702	822.2
13930701	820.1
13930631	816
13930630	809.8
13930629	806.3
13930626	808.6
13930625	809.6
13930624	809.8
13930623	809
13930622	813.9
13930619	817.9
13930618	813
13930617	812.2
13930616	807.2
13930615	809.6
13930612	810.6
13930611	811.3
13930610	805.9
13930609	808.8
13930608	810.1
13930605	812.6
13930604	811
13930603	807.7
13930602	805.3
13930601	805.1
13930529	806.6
13930528	807.4
13930527	805
13930526	800.6
13930525	794.8
13930522	793.1
13930521	791.9
13930520	792.3
13930519	788.8
13930518	791.3
13930515	790.9
13930514	791.1
13930513	792.7
13930512	791.3
13930511	794.3
13930506	796.6
13930505	796.9
13930504	793.5
13930501	796.1
13930431	806.4
13930430	802.7
13930429	800.6
13930425	796.3
13930424	782.7
13930423	784.1
13930422	775.2
13930421	790
13930418	782.5
13930417	772.6
13930416	746.3
13930415	751.8
13930414	750.2
13930411	725.8
13930410	705.6
13930409	691.2
13930408	697.5
13930407	716.6
13930404	729.6
13930403	731.6
13930402	737.6
13930401	744.9
13930331	748.5
13930328	746.2
13930327	743.5
13930326	742
13930325	731.4
13930324	738.8
13930321	755
13930320	760.2
13930319	763.7
13930318	763.1
13930317	762.1
13930313	762.9
13930312	755.8
13930311	752.4
13930310	766
13930307	766.6
13930305	771.2
13930304	774.8
13930303	777.2
13930231	775.7
13930230	777.3
13930229	777.8
13930228	782.8
13930227	774.1
13930224	783.9
13930222	785.8
13930221	784.5
13930220	786.3
13930217	792.5
13930216	785.7
13930215	777.3
13930214	769.7
13930213	777.6
13930210	780.6
13930209	778.7
13930208	787.8
13930207	799.6
13930206	796.7
13930203	776.1
13930202	777.5
13930201	765.8
13930131	748.7
13930130	728.9
13930127	742.5
13930126	725.1
13930125	706.4
13930124	719.3
13930123	746
13930120	758.1
13930119	768.9
13930118	767.5
13930117	766.4
13930116	776.2
13930111	781.3
13930110	772.1
13930109	760.4
13930106	763.6
13930105	772.5
13921228	771.3
13921227	767.7
13921226	767.4
13921225	752.9
13921224	750.8
13921221	735.8
13921220	729.8
13921219	733.7
13921218	737.9
13921217	746.9
13921214	749.8
13921213	735
13921212	737.8
13921211	750.9
13921210	758.7
13921207	752.5
13921206	750.2
13921205	755.5
13921204	760.8
13921203	766
13921130	763.7
13921129	751.2
13921128	759.6
13921127	743.3
13921126	727.9
13921123	721.2
13921121	738.2
13921120	745.7
13921119	738.8
13921116	771.7
13921115	805
13921114	801
13921113	815.4
13921112	839.4
13921109	817.1
13921108	785.3
13921107	754.6
13921106	780.4
13921105	802.6
13921102	803
13921101	820.3
13921030	810.6
13921028	831.3
13921025	830.1
13921024	844.8
13921023	847.8
13921022	821.5
13921021	850.5
13921018	843.6
13921017	848.6
13921016	858.6
13921015	866.6
13921014	879.5
13921011	877.8
13921009	866.6
13921008	870
13921007	877.6
13921004	884.4
13921003	886.8
13921001	867.4
13920930	865
13920927	886.4
13920926	894.7
13920925	904.1
13920924	891.1
13920923	869.7
13920920	876.1
13920919	874.9
13920918	869.6
13920917	858.9
13920916	844.2
13920913	846.3
13920912	845.5
13920911	846.6
13920910	859.6
13920909	856.5
13920906	858.7
13920905	861.1
13920904	875.7
13920903	862.8
13920902	847.5
13920829	828
13920828	825.7
13920827	812.2
13920826	811.1
13920825	822
13920821	807.8
13920820	807.7
13920819	814.5
13920818	823.9
13920815	818.5
13920814	804.4
13920813	791.9
13920812	795.2
13920811	810.2
13920808	820.4
13920807	813
13920806	795.8
13920805	796.1
13920804	816.8
13920801	814.8
13920730	819.8
13920729	837.9
13920728	831.4
13920727	848.2
13920723	821.1
13920722	802.1
13920721	806.5
13920720	807.3
13920717	783.2
13920716	762
13920715	751.9
13920714	754.8
13920713	746.9
13920710	737.1
13920709	736.1
13920708	726
13920707	713.6
13920706	708.3
13920703	691.5
13920702	686.7
13920701	693.7
13920631	679.5
13920630	697.9
13920627	689
13920626	679.8
13920625	671.3
13920624	670.3
13920623	667.9
13920620	672.9
13920619	658.4
13920618	631.6
13920617	617.6
13920616	602.5
13920613	604.3
13920612	630
13920610	625.5
13920609	606.2
13920606	598.3
13920605	617.1
13920604	619.8
13920603	620.9
13920602	621
13920530	613
13920529	610.9
13920528	620.9
13920527	624.4
13920526	635.9
13920523	631
13920522	632.1
13920521	630.9
13920520	629.3
13920516	630.6
13920515	621.7
13920514	619.7
13920513	617
13920512	617.4
13920509	620.4
13920507	616.5
13920506	615.4
13920505	618.6
13920502	616.9
13920501	610.5
13920431	609.4
13920430	607
13920429	609.3
13920426	595.3
13920425	586.4
13920424	585.8
13920423	582.9
13920422	588.7
13920419	599.2
13920418	596.2
13920417	599.7
13920416	605.6
13920415	608.8
13920412	593.5
13920411	581.6
13920410	590.9
13920409	584
13920408	584.5
13920405	574.8
13920404	560.3
13920402	556
13920401	557.4
13920329	566.2
13920328	564.7
13920327	557.2
13920326	555.4
13920325	548.1
13920322	527.1
13920321	526.4
13920320	524
13920319	521
13920318	525.9
13920313	527.2
13920312	534.7
13920311	531
13920308	537.3
13920307	534.3
13920306	534.5
13920305	539.7
13920304	527.5
13920301	514.2
13920231	514.3
13920230	511.7
13920229	504.8
13920228	505.1
13920225	518
13920224	521.9
13920223	536.4
13920222	550.1
13920221	548.5
13920218	543.4
13920217	542.4
13920216	552.4
13920215	549.8
13920214	554.6
13920211	552.7
13920210	542
13920209	481.7
13920208	475.6
13920207	474.6
13920204	469.5
13920203	462.4
13920202	455.7
13920201	449.3
13920131	449.3
13920128	454.8
13920127	458.1
13920126	456.3
13920124	453.5
13920121	455.9
13920120	454.5
13920119	447.6
13920118	438.9
13920117	435.3
13920114	439.9
13920111	438.4
13920110	431.7
13920107	438.6
13920106	448.4
13920105	443.3
13911227	421.8
13911226	417.2
13911223	420.5
13911222	408.7
13911221	400.7
13911220	399.3
13911219	394.4
13911216	400.9
13911215	401.3
13911214	407
13911213	404.9
13911212	406.1
13911209	410
13911208	403.7
13911207	396.9
13911206	404.4
13911205	410
13911202	406.4
13911201	399.4
13911130	403.4
13911129	405.7
13911128	404.2
13911125	396.2
13911124	401.8
13911123	406.3
13911121	405.6
13911118	395.9
13911117	384.5
13911116	376.5
13911115	384.2
13911114	390.8
13911111	391.2
13911109	395.6
13911108	396
13911107	412.2
13911104	411.2
13911103	406.5
13911102	412.5
13911101	413
13911030	416.3
13911027	414.5
13911026	414.4
13911025	415.4
13911024	416.9
13911020	417
13911019	416.7
13911018	415.7
13911017	413.8
13911013	416.6
13911012	420.1
13911011	419.4
13911010	415.7
13911009	423.1
13911006	410.5
13911005	395.5
13911004	391.1
13911003	379.7
13911002	371.6
13910929	365.3
13910928	359.4
13910927	354.3
13910926	349.4
13910925	348.5
13910922	345.5
13910921	348.8
13910920	346.6
13910919	346.5
13910918	350.3
13910915	346.7
13910914	347.3
13910913	349.2
13910912	352
13910911	352.1
13910908	347.3
13910907	345.3
13910906	344.5
13910901	342.1
13910830	339.1
13910829	337.6
13910828	342.9
13910827	345.2
13910824	340.2
13910823	339.3
13910822	335.3
13910821	332.9
13910820	335.5
13910817	337.7
13910816	335
13910815	333.3
13910814	341.3
13910810	339.3
13910809	342.9
13910808	345
13910807	347
13910806	347.6
13910803	340.8
13910802	337.6
13910801	339.3
13910730	342.2
13910729	337.8
13910726	329.7
13910725	332
13910724	326.4
13910723	318.9
13910722	313.9
13910719	318.7
13910718	322
13910717	323.1
13910716	322.8
13910715	327.3
13910712	336.2
13910711	333.9
13910710	338.8
13910709	344.5
13910708	335.1
13910705	325
13910704	314
13910703	309.2
13910702	306.3
13910701	303.9
13910629	302.4
13910628	303.8
13910627	302.6
13910626	299
13910625	301.8
13910621	300.5
13910620	292.6
13910619	291.3
13910618	297.1
13910615	297.7
13910614	291.5
13910613	283.6
13910612	279.3
13910606	279.4
13910605	279.1
13910604	279.8
13910601	281.3
13910531	280.3
13910528	276
13910525	278.2
13910524	279.7
13910523	277.2
13910522	275.4
13910521	272.4
13910518	264.1
13910517	264.6
13910516	268.2
13910515	269.6
13910514	276.8
13910511	286.6
13910510	289.8
13910509	286.8
13910508	289.9
13910507	298
13910504	302
13910503	303.8
13910502	302.7
13910501	300.4
13910431	299.5
13910428	299.8
13910427	298.8
13910426	302.1
13910425	300.7
13910424	305
13910421	308
13910420	303.1
13910419	301
13910418	303.4
13910417	305.3
13910414	304.1
13910413	305.7
13910412	301.9
13910411	299.8
13910410	297.8
13910407	293.9
13910406	295.8
13910405	299.3
13910404	300.6
13910403	303.3
13910331	308.3
13910330	310.1
13910328	310.1
13910327	310.3
13910324	309.7
13910323	309.8
13910322	311.7
13910321	310.1
13910320	309.7
13910317	313.1
13910316	314.4
13910313	314.9
13910310	314.2
13910309	314
13910308	313.8
13910307	312.8
13910306	312.9
13910303	314.6
13910302	314.4
13910301	315.7
13910231	315.7
13910230	315.7
13910227	315.5
13910226	315.1
13910225	315.9
13910224	311.2
13910223	314.5
13910220	319.2
13910219	321
13910218	318.8
13910217	316.8
13910216	316.2
13910213	318.5
13910212	320.2
13910211	321
13910210	318.6
13910209	323.4
13910205	327.5
13910204	326
13910203	324.9
13910202	324.7
13910130	323.5
13910129	322.4
13910128	322.3
13910127	328.2
13910126	326.5
13910123	327.1
13910122	325
13910121	324
13910120	327.9
13910119	322.8
13910116	317.5
13910115	315.4
13910114	319
13910109	318.2
13910108	311.5
13910107	305.9
13910106	311.2
13910105	313.3
13901228	307.8
13901227	303.2
13901224	301.6
13901223	293.5
13901222	289.4
13901221	291.2
13901220	290.3
13901217	289.6
13901216	288.4
13901215	288.8
13901214	290.4
13901213	290.2
13901210	288.4
13901209	289.6
13901208	288.6
13901207	286.6
13901206	286.4
13901203	287.3
13901202	287.6
13901201	286.1
13901130	283.3
13901129	283.6
13901126	283.9
13901125	285.3
13901124	287.5
13901123	289
13901119	287
13901118	287.3
13901117	288.9
13901116	288.8
13901115	290.7
13901112	292.3
13901111	293.9
13901110	295.1
13901109	295.9
13901108	289.9
13901105	288.4
13901103	290.1
13901101	292.9
13901028	294.6
13901027	292.4
13901026	297.4
13901025	295.1
13901021	294.1
13901020	290.6
13901019	288.8
13901018	285.6
13901017	287
13901014	286.8
13901013	281.8
13901012	274.7
13901011	275.6
13901010	275.8
13901007	274.8
13901006	273
13901005	272.1
13901004	273.1
13901003	274.6
13900930	274.4
13900929	273.4
13900928	275.7
13900927	276.8
13900926	276.3
13900923	277.1
13900922	278.3
13900921	277.7
13900920	277.2
13900919	280.6
13900916	281.5
13900913	279.9
13900912	274.9
13900909	272.8
13900908	275.4
13900907	270
13900906	270.2
13900905	273.9
13900902	274.9
13900901	278.8
13900830	283
13900829	282.7
13900828	284.3
13900825	282.8
13900823	283.1
13900822	283.3
13900821	284
13900818	280.8
13900817	278.6
13900815	284.4
13900814	288.1
13900811	289.4
13900810	286.5
13900809	286.7
13900808	288.6
13900807	289.3
13900804	289.5
13900803	289.1
13900802	287.6
13900801	289.4
13900730	289.7
13900727	289.9
13900726	289.8
13900725	289.1
13900724	289.2
13900723	290.3
13900720	292.5
13900719	293.4
13900718	292.2
13900717	291.9
13900716	291.9
13900713	293.5
13900712	291.7
13900711	288.9
13900710	287.6
13900709	285.6
13900706	286.9
13900705	286.5
13900704	284.5
13900703	286.9
13900630	288
13900629	288.4
13900628	287.5
13900627	288.9
13900626	288.1
13900623	285.6
13900622	285.1
13900621	286.4
13900620	284.1
13900619	284.7
13900616	282.9
13900615	281
13900614	278.8
13900613	277.9
13900612	275.3
13900608	270.8
13900607	269.2
13900606	268.3
13900605	268.9
13900602	268.9
13900601	268.8
13900530	266.3
13900529	267
13900526	268.9
13900525	265.4
13900524	263.6
13900523	264.9
13900522	264.1
13900519	261.2
13900518	259
13900517	260
13900516	261.4
13900515	260.7
13900512	262.4
13900511	260.1
13900510	261.2
13900509	259.9
13900508	261
13900505	262.6
13900504	262.8
13900503	263.4
13900502	264.3
13900501	260.9
13900429	259.5
13900428	259.7
13900427	258.1
13900425	257.4
13900422	257.8
13900421	258
13900420	261
13900419	261.5
13900418	263
13900415	262.7
13900414	261.9
13900413	259.9
13900412	261.2
13900411	263.7
13900408	263.1
13900407	256.4
13900406	250.1
13900405	259.5
13900404	260.8
13900401	261.3
13900331	261.7
13900330	261.8
13900329	262.7
13900328	262.8
13900325	260.8
13900324	263.3
13900323	265.3
13900322	264.1
13900321	263.9
13900318	262.6
13900317	260.6
13900316	259.5
13900311	258.5
13900310	259.5
13900309	253.1
13900308	247.1
13900307	254
13900304	256.1
13900303	262.1
13900302	259.9
13900301	260.2
13900231	262.5
13900228	264.3
13900227	259.7
13900226	256.4
13900225	264.5
13900224	266
13900221	266.7
13900220	270.4
13900219	272
13900218	264.1
13900214	272.2
13900213	266
13900212	272.4
13900211	278.8
13900210	277.7
13900207	279
13900206	279.2
13900205	278.9
13900204	277.3
13900203	276.1
13900131	272.3
13900130	269.7
13900129	271.4
13900128	271.7
13900127	269.3
13900124	272.8
13900123	268.9
13900122	266.1
13900121	264.3
13900120	270.8
13900117	272.5
13900116	272.4
13900115	268.5
13900114	260.6
13900110	263.1
13900109	267.9
13900108	266.7
13900107	270.2
13900106	263.6
13891228	254.3
13891225	251.1
13891224	241.6
13891223	230.7
13891222	230.1
13891221	228.6
13891218	226.6
13891217	226.8
13891216	223.9
13891215	224.5
13891214	224.4
13891211	223.5
13891210	222.2
13891209	227.3
13891208	230.3
13891207	228.5
13891204	225.4
13891203	223
13891201	221.8
13891130	210.2
13891127	209
13891126	209.4
13891125	209.4
13891124	209.2
13891123	208.8
13891120	209
13891119	209.3
13891118	208.7
13891117	208.4
13891116	208.3
13891112	208.3
13891111	208.1
13891110	208
13891109	207.5
13891106	207.4
13891104	207.3
13891103	207.2
13891102	207
13891029	206.8
13891028	206.4
13891027	206.6
13891026	206.7
13891025	206.7
13891022	206.7
13891021	206.4
13891020	207.1
13891019	206.9
13891018	204.9
13891015	208.4
13891014	201.5
13891013	195.3
13891012	191.4
13891011	190.3
13891008	190.3
13891007	185
13891006	188.8
13891005	192.6
13891004	192.3
13891001	194
13890930	194.6
13890929	186.2
13890928	178.2
13890927	181.2
13890923	183.2
13890922	183.8
13890921	184
13890920	184.3
13890917	184.8
13890916	185
13890915	183.1
13890914	183
13890913	184.5
13890910	184.8
13890909	183.8
13890908	184.3
13890907	185.7
13890906	187.6
13890903	187.1
13890902	186.4
13890901	189
13890830	188
13890829	188.3
13890825	189.4
13890824	189.1
13890823	189.3
13890822	191.7
13890819	193.1
13890818	203.5
13890817	193.9
13890816	196.8
13890815	198.8
13890812	193.2
13890811	188.8
13890810	186.5
13890809	186.7
13890808	191.3
13890805	188.4
13890804	188.6
13890803	186.8
13890802	190.1
13890801	196.2
13890728	189
13890727	189
13890726	189.8
13890725	183.2
13890724	182.9
13890721	187.5
13890720	196.5
13890719	198.3
13890718	198.2
13890717	199.7
13890714	202.9
13890713	205.3
13890711	203.2
13890710	199.7
13890707	196.7
13890706	192.6
13890705	188
13890704	187.2
13890703	185.8
13890631	182.7
13890630	180.7
13890629	173.3
13890628	174.3
13890627	175.4
13890624	172.5
13890623	168.2
13890622	169.4
13890621	168.4
13890617	170.7
13890616	171.4
13890615	173.2
13890614	173.8
13890613	176.9
13890609	174.3
13890608	175.1
13890607	178.7
13890606	176.2
13890603	170.3
13890602	166.3
13890601	168.1
13890531	166.8
13890530	169.5
13890527	170.8
13890526	165.1
13890525	161
13890524	161
13890523	162.2
13890520	169.6
13890519	166
13890518	160.2
13890517	157
13890516	155.2
13890513	155.1
13890512	154.4
13890511	154.5
13890510	154.4
13890509	151.5
13890506	151.1
13890504	151.7
13890503	149.6
13890502	148.9
13890430	146.8
13890429	146.9
13890428	146.9
13890427	145.4
13890426	145.2
13890423	146.4
13890422	144.2
13890421	148
13890420	146.9
13890416	148.1
13890415	151.2
13890414	149.9
13890413	147.4
13890412	147.1
13890409	148.9
13890408	149.7
13890407	150.6
13890406	154.7
13890402	155.9
13890401	152.4
13890331	148.8
13890330	151.2
13890329	155
13890326	153
13890325	145.6
13890324	147.6
13890323	147.9
13890322	145.8
13890319	142.5
13890318	145.4
13890317	150.7
13890316	153.7
13890312	148.5
13890311	145.7
13890310	141.4
13890309	141.3
13890308	142.5
13890305	143.4
13890304	141.6
13890303	137
13890302	132.1
13890301	131.6
13890229	133.1
13890228	137.4
13890226	132.8
13890225	128
13890222	125
13890221	122.9
13890220	122.9
13890219	120.3
13890218	118
13890215	117.5
13890214	116.8
13890213	119.3
13890212	120.9
13890211	122.9
13890208	121.1
13890207	117.4
13890206	117.3
13890205	115.8
13890204	117.8
13890201	119
13890131	120.3
13890130	121
13890129	120.6
13890128	119.5
13890125	121.8
13890124	122.3
13890123	123
13890122	122.6
13890121	122.4
13890118	121.2
13890117	118.5
13890116	117.3
13890115	118.8
13890114	120.6
13890111	119.2
13890110	118.1
13890109	119.6
13890108	118.7
13890107	115.2
13881226	148.8
13881225	109.2
13881224	106
13881223	107.7
13881222	109.6
13881219	109.5
13881218	109
13881217	109.2
13881216	106.3
13881215	104.3
13881212	103.4
13881211	100.3
13881210	99.6
13881209	99
13881208	96.6
13881205	96
13881204	96.2
13881203	95
13881202	92.6
13881201	91
13881128	90.6
13881127	89.8
13881125	89.4
13881121	90.9
13881120	92.5
13881119	92.3
13881118	90.9
13881117	92.8
13881114	94.6
13881113	92.4
13881112	91.9
13881111	90.3
13881110	88.6
13881107	89.3
13881106	90.7
13881105	90.1
13881104	91.6
13881103	92.6
13881030	92.1
13881029	93.7
13881028	91.8
13881027	94.5
13881026	95.4
13881023	96.2
13881022	94.6
13881021	96.9
13881020	97
13881019	98.9
13881016	95.2
13881015	92.6
13881014	95.7
13881013	98.3
13881012	96.3
13881009	95.1
13881008	94.3
13881007	96.1
13881002	96.8
13881001	98.4
13880930	96.4
13880929	92.6
13880928	88.8
13880925	92
13880924	95.5
13880923	99
13880922	99.2
13880921	99.4
13880918	100.7
13880917	103.5
13880916	104.2
13880914	105
13880911	102.7
13880910	100.7
13880909	100.3
13880908	103
13880904	104.6
13880903	101.9
13880902	102.6
13880901	101.6
13880830	102.5
13880827	105.9
13880826	106.8
13880825	109.3
13880824	108.9
13880823	108.3
13880820	109.2
13880819	109.5
13880818	109.2
13880817	107.4
13880816	110.6
13880813	112.6
13880812	114.5
13880811	113.7
13880810	115.5
13880809	114.6
13880806	119.7
13880805	118
13880804	115.7
13880803	110.4
13880802	109.6
13880729	107.5
13880728	108.3
13880727	109.8
13880726	109.6
13880725	115
13880721	117.8
13880720	117.6
13880719	119.1
13880718	122.4
13880715	128.2
13880714	130.8
13880713	127
13880712	121.1
13880711	115.8
13880708	110.2
13880707	105
13880706	100
